João;Silva;32;joao@test.com
Maria;Silva;30;maria@test.com
José;Silva;20;jose@test.com
Ana;Oliveira;25;ana.oliveira@test.com
Bruno;Santos;32;bruno.santos@test.com
Carla;Pereira;28;carla.pereira@test.com
Daniel;Rodrigues;41;daniel.rodrigues@test.com
Eduarda;Almeida;29;eduarda.almeida@test.com
Fernando;Costa;35;fernando.costa@test.com
Gabriela;Souza;27;gabriela.souza@test.com
Henrique;Lima;38;henrique.lima@test.com
Isabela;Melo;31;isabela.melo@test.com
Karina;Nunes;33;karina.nunes@test.com
Lucas;Ribeiro;40;lucas.ribeiro@test.com
Mariana;Soares;24;mariana.soares@test.com
Nathan;Teixeira;37;nathan.teixeira@test.com
Olivia;Viana;30;olivia.viana@test.com
Pedro;Xavier;29;pedro.xavier@test.com
Queren;Yuri;36;queren.yuri@test.com
Rafael;Zanetti;28;rafael.zanetti@test.com
Sabrina;Abreu;34;sabrina.abreu@test.com
Thiago;Barbosa;39;thiago.barbosa@test.com
Ursula;Cunha;27;ursula.cunha@test.com
